student_id,age,gender,study_hours_per_day,social_media_hours,netflix_hours,part_time_job,attendance_percentage,sleep_hours,diet_quality,exercise_frequency,parental_education_level,internet_quality,mental_health_rating,extracurricular_participation,exam_score
S1500,unknown,Male,5.5,1.1,1.4,No,84.4,4.9,Fair,0.0,Bachelor,Good,6.0,No,84.5
S1501,21.0,Female,3.3,1.4,1.0,No,96.8,6.2,Good,0.0,Bachelor,Poor,5.0,No,74.9
S1502,21.0,Female,0.3,3.2,2.2,No,88.4,7.1,Poor,3.0,,Average,4.0,Yes,34.0
S1503,24.0,Female,2.6,1.4,2.1,Yes,84.4,7.1,Fair,0.0,High School,Average,7.0,No,63.0
S1504,23.0,Female,5.4,3.1,3.1,No,79.0,4.2,Fair,1.0,Bachelor,Good,4.0,No,77.9
S1505,17.0,Female,3.5,0.9,0.4,No,78.7,6.3,Fair,3.0,,Average,5.0,Yes,72.9
S1506,24.0,Female,2.0,3.5,2.6,No,76.5,4.8,Good,6.0,Master,Good,5.0,No,53.2
S1507,19.0,Female,2.7,1.0,2.4,No,79.6,7.6,Fair,1.0,,Poor,1.0,No,57.3
S1508,24.0,Male,4.8,3.2,1.6,No,92.6,7.4,Fair,4.0,Bachelor,Poor,1.0,Yes,76.6
S1509,18.0,Female,4.3,3.3,2.2,No,82.8,5.4,Poor,6.0,High School,Average,3.0,No,200.0
S1510,17.0,Male,3.1,1.7,2.9,Yes,71.5,5.6,Good,0.0,Bachelor,Average,3.0,Yes,51.1
S1511,18.0,Other,2.9,3.2,2.8,No,100.0,5.9,Fair,5.0,High School,Average,2.0,No,63.0
S1512,23.0,Female,varies,2.8,0.5,No,88.2,3.8,Good,5.0,,Poor,2.0,Yes,61.6
,,,,,,,,,,,,,,,
,,,,,,,,,,,,,,,
S1515,19.0,Female,3.0,0.1,1.9,No,86.1,7.7,Good,6.0,High School,Poor,6.0,Yes,82.5
S1516,24.0,Male,5.3,2.9,1.9,No,100.0,5.2,Good,3.0,Bachelor,Poor,5.0,Yes,80.9
S1517,22.0,Female,5.8,0.6,1.6,No,73.9,5.8,Fair,6.0,Bachelor,Good,6.0,No,100.0
S1518,24.0,Female,5.0,2.6,3.1,No,94.8,4.7,Poor,0.0,Bachelor,Good,5.0,No,79.6
S1519,18.0,Male,2.9,2.2,1.7,Yes,99.0,5.3,Good,2.0,Bachelor,Average,7.0,No,71.2
S1520,24.0,Female,4.1,3.3,0.6,Yes,78.7,5.1,Good,2.0,Bachelor,Good,1.0,No,62.7
S1521,23.0,Male,3.5,2.1,1.4,No,82.2,7.7,Fair,1.0,High School,Good,3.0,No,64.2
S1522,22.0,Female,2.1,2.1,2.0,No,74.6,5.7,Fair,0.0,High School,Good,6.0,Yes,44.1
S1523,23.0,Other,4.0,3.4,3.2,No,83.0,6.6,Good,5.0,High School,Average,1.0,No,61.7
S1524,18.0,Female,1.7,2.9,2.5,No,84.6,6.0,Good,0.0,Bachelor,Average,7.0,Yes,39.9
S1525,23.0,Male,5.3,2.9,0.9,No,91.6,5.0,Good,4.0,High School,Poor,4.0,No,84.1
S1526,19.0,Female,2.8,3.1,4.5,No,95.9,6.3,Fair,2.0,,Good,3.0,No,40.7
S1527,18.0,Female,3.8,0.7,2.1,No,77.5,7.2,Good,5.0,Bachelor,Good,10.0,No,81.8
S1528,18.0,Male,3.9,3.4,3.2,No,65.3,5.1,Fair,6.0,High School,Average,9.0,Yes,200.0
S1529,18.0,Female,3.1,3.2,1.6,No,84.8,7.5,Fair,6.0,Master,Good,1.0,No,65.7
S1530,17.0,Male,4.4,1.3,2.4,No,87.9,5.5,Good,2.0,Master,Good,8.0,Yes,80.9
S1531,24.0,Female,2.8,2.2,2.7,No,87.5,5.9,Good,0.0,,Good,1.0,Yes,47.4
S1532,17.0,Male,4.8,2.5,3.1,Yes,81.7,7.1,Fair,5.0,High School,Good,5.0,Yes,83.0
S1533,17.0,Male,1.5,2.3,3.0,No,86.2,5.7,Fair,1.0,High School,Good,10.0,No,54.2
S1534,19.0,Male,3.7,2.9,2.8,No,100.0,6.5,Good,6.0,Bachelor,Average,8.0,No,82.5
S1535,22.0,Female,6.4,4.2,1.5,Yes,88.8,6.1,Fair,0.0,High School,Good,6.0,No,85.0
,,,,,,,,,,,,,,,
S1537,23.0,Female,2.5,0.9,2.2,Yes,80.0,3.6,Good,5.0,Bachelor,Average,8.0,No,58.9
S1538,21.0,Male,4.3,3.2,2.8,No,83.3,4.3,Poor,2.0,High School,Poor,6.0,No,67.5
S1539,18.0,Male,3.8,4.1,1.6,No,100.0,7.2,Good,4.0,,Good,6.0,Yes,81.0
S1540,23.0,Female,4.0,3.0,3.0,No,83.2,7.7,Good,3.0,Bachelor,Average,6.0,Yes,74.7
S1541,18.0,Female,4.2,3.8,3.4,Yes,84.8,5.4,Good,2.0,High School,Good,5.0,No,67.4
S1542,19.0,Male,4.5,4.9,0.8,No,80.2,6.2,Good,1.0,Bachelor,Poor,8.0,No,72.2
S1543,18.0,Female,5.2,3.7,0.9,No,96.0,6.9,Good,0.0,High School,Poor,2.0,No,77.1
S1544,17.0,Female,4.1,2.8,1.6,No,100.0,7.3,Poor,6.0,Bachelor,Average,7.0,No,87.9
S1545,24.0,Female,3.1,3.8,2.1,No,89.5,4.1,Fair,5.0,Master,Average,4.0,Yes,54.1
S1546,21.0,Male,4.5,2.7,1.2,Yes,85.8,5.4,Good,2.0,Master,Good,1.0,Yes,62.9
S1547,20.0,Male,6.3,2.5,3.3,No,85.4,6.1,Fair,6.0,High School,Good,5.0,No,95.6
S1548,18.0,Female,3.3,2.1,2.3,No,61.2,7.3,Poor,6.0,High School,Poor,3.0,No,67.1
S1549,23.0,Male,2.0,4.4,1.8,No,92.5,9.5,Good,4.0,Bachelor,Average,4.0,No,51.5
,,,,,,,,,,,,,,,
S1551,20.0,Female,3.3,4.3,0.4,Yes,89.3,4.8,Poor,1.0,High School,Average,5.0,No,67.0
S1552,21.0,Female,0.2,3.1,2.1,Yes,77.9,7.0,Good,5.0,Master,Good,4.0,Yes,31.5
,,,varies,,,,,,,,,,,,
S1554,17.0,Other,2.7,2.9,2.9,No,80.9,6.6,Fair,0.0,,Poor,6.0,No,53.4
S1555,24.0,Male,3.4,0.0,1.6,No,95.2,5.4,Good,3.0,,Average,10.0,Yes,83.4
S1556,24.0,Female,4.0,3.3,5.4,No,81.2,7.6,Fair,6.0,Bachelor,Poor,6.0,No,79.0
S1557,22.0,Male,varies,3.6,4.3,No,100.0,7.3,Poor,1.0,Bachelor,Poor,7.0,Yes,69.9
S1558,24.0,Male,4.6,1.8,1.6,No,89.3,5.3,Fair,0.0,High School,Average,1.0,Yes,60.1
S1559,22.0,Female,2.8,2.6,1.7,No,72.2,7.0,Fair,6.0,High School,Good,4.0,No,70.3
S1560,20.0,Female,4.3,4.8,2.9,Yes,83.7,7.7,Fair,3.0,High School,Good,9.0,No,79.8
S1561,19.0,Other,3.1,1.9,3.7,No,78.5,7.9,Good,0.0,Bachelor,Good,10.0,Yes,66.6
S1562,23.0,Female,4.6,1.2,0.0,No,63.1,6.4,Good,3.0,,Average,6.0,No,91.7
S1563,23.0,Male,4.4,4.3,0.0,Yes,100.0,6.1,Fair,3.0,Master,Average,2.0,No,70.1
S1564,20.0,Male,2.1,4.9,1.1,No,92.0,8.0,Good,3.0,High School,Average,4.0,No,61.5
S1565,18.0,Female,5.1,2.5,2.4,No,90.3,5.0,Poor,0.0,Master,Good,6.0,No,79.3
S1566,18.0,Male,2.7,3.7,2.3,No,86.7,7.0,Poor,5.0,High School,Good,4.0,Yes,63.9
S1567,24.0,Male,4.7,4.1,3.0,No,71.2,4.9,Good,3.0,Bachelor,Poor,10.0,Yes,93.1
S1568,23.0,Male,4.1,1.6,0.5,No,80.2,7.8,Poor,5.0,High School,Poor,7.0,Yes,89.8
S1569,23.0,Male,6.3,1.9,0.0,No,93.4,6.2,Fair,6.0,,Good,3.0,Yes,100.0
S1570,22.0,Male,3.2,4.0,2.7,No,74.5,8.0,Good,6.0,Master,Good,6.0,Yes,61.8
S1571,19.0,Male,3.0,4.5,0.9,No,59.7,7.1,Fair,1.0,Master,Good,4.0,Yes,51.5
S1572,17.0,Male,3.5,3.2,0.0,No,82.7,5.0,Good,4.0,High School,Good,3.0,No,60.4
S1573,18.0,Male,3.0,1.4,2.0,No,83.6,8.2,Fair,5.0,Bachelor,Good,3.0,No,67.2
S1574,23.0,Other,4.7,4.9,2.7,No,86.4,8.4,Poor,6.0,Bachelor,Average,2.0,No,89.6
,,,,,,,,,,,,,,,
,,,,,,,,,,,,,,,
S1577,22.0,Female,1.9,2.9,1.6,Yes,87.6,6.1,Fair,4.0,Bachelor,Good,1.0,Yes,44.4
S1578,18.0,Male,4.9,4.4,1.4,Yes,97.0,6.7,Fair,4.0,High School,Average,3.0,No,77.2
S1579,18.0,Female,varies,3.5,0.3,Yes,69.8,5.7,Good,3.0,High School,Average,9.0,Yes,100.0
S1580,22.0,Female,3.3,3.0,1.0,No,90.0,8.5,Good,5.0,Master,Average,4.0,No,73.0
S1581,unknown,Male,3.2,3.1,2.4,No,91.3,6.7,Fair,3.0,High School,Average,3.0,No,68.5
S1582,20.0,Male,3.6,2.6,2.2,No,72.6,3.3,Fair,1.0,High School,Good,8.0,No,61.0
S1583,18.0,Female,5.2,3.2,2.0,No,70.0,6.9,Fair,2.0,Bachelor,Poor,1.0,Yes,70.5
S1584,22.0,Female,varies,0.0,0.7,No,77.5,6.1,Good,0.0,Bachelor,Average,5.0,No,52.5
S1585,23.0,Male,3.9,2.1,1.6,No,78.4,6.4,Good,3.0,High School,Good,1.0,No,62.8
S1586,22.0,Female,5.0,2.8,0.0,Yes,92.5,6.1,Fair,3.0,High School,Poor,7.0,Yes,83.5
S1587,19.0,Male,4.3,1.1,2.0,No,78.9,7.5,Good,4.0,Master,Average,5.0,No,71.4
S1588,20.0,Other,3.8,3.0,3.4,No,76.4,7.8,Fair,1.0,High School,Average,2.0,No,61.5
S1589,21.0,Male,5.0,2.3,0.2,No,78.9,6.8,Poor,6.0,Bachelor,Good,1.0,No,75.4
S1590,17.0,Female,0.0,4.6,1.2,No,96.2,6.1,Poor,6.0,Bachelor,Average,7.0,No,42.0
S1591,24.0,Female,4.5,4.4,2.2,No,85.1,6.5,Fair,4.0,High School,Good,1.0,No,64.0
S1592,21.0,Female,2.5,1.9,3.2,Yes,83.2,6.5,Fair,5.0,Master,Average,3.0,No,60.1
S1593,20.0,Female,0.8,2.3,1.3,Yes,83.9,5.5,Poor,3.0,Bachelor,Good,6.0,No,34.7
S1594,20.0,Male,4.3,2.4,1.0,Yes,97.9,7.2,Good,3.0,High School,Average,6.0,No,88.0
S1595,20.0,Male,5.6,2.0,0.0,No,77.5,7.1,Fair,4.0,Bachelor,Average,7.0,No,100.0
S1596,21.0,Male,3.3,2.7,1.9,No,98.2,8.3,Fair,3.0,Bachelor,Poor,1.0,No,66.1
S1597,23.0,Male,4.9,1.6,4.0,No,87.1,8.0,Fair,5.0,Bachelor,Poor,7.0,No,95.5
S1598,20.0,Female,5.9,1.1,2.1,Yes,83.4,5.7,Poor,2.0,Master,Average,2.0,Yes,86.4
S1599,22.0,Male,5.5,3.2,1.8,No,100.0,7.5,Fair,0.0,High School,Poor,6.0,No,77.3
S1600,21.0,Male,6.0,3.3,2.2,No,74.4,5.4,Fair,0.0,High School,Average,8.0,Yes,90.2
S1601,24.0,Other,4.6,1.5,1.8,No,81.5,7.3,Fair,0.0,High School,Good,5.0,Yes,80.2
S1602,20.0,Female,3.6,3.6,0.9,No,72.7,5.9,Poor,2.0,,Average,10.0,Yes,72.9
S1603,22.0,Female,1.1,1.7,2.7,No,94.5,5.3,Fair,3.0,,Average,3.0,No,35.8
S1604,23.0,Other,3.1,2.8,2.0,No,100.0,6.8,Poor,4.0,Master,Good,8.0,Yes,200.0
S1605,19.0,Male,2.2,3.5,1.8,No,100.0,3.3,Good,6.0,Bachelor,Good,8.0,No,67.6
S1606,23.0,Male,6.8,2.5,0.7,No,97.2,4.4,Good,1.0,Bachelor,Poor,4.0,No,93.1
S1607,24.0,Female,3.2,3.0,3.2,No,83.0,6.3,Poor,3.0,Bachelor,Average,8.0,Yes,57.5
S1608,unknown,Female,3.7,1.9,2.5,No,81.3,6.6,Fair,2.0,Bachelor,Good,5.0,Yes,61.1
,,,,,,,,,,,,,,,
S1610,21.0,Female,3.6,2.3,2.9,No,100.0,4.6,Fair,2.0,Master,Good,3.0,No,69.6
S1611,18.0,Male,6.0,1.6,1.3,No,89.7,5.5,Fair,6.0,High School,Poor,7.0,No,100.0
S1612,20.0,Male,2.6,2.3,0.9,No,80.1,7.0,Fair,0.0,Master,Good,9.0,No,69.3
S1613,18.0,Female,3.8,0.6,1.0,No,98.3,7.2,Fair,3.0,Bachelor,Average,9.0,No,85.7
S1614,22.0,Female,2.4,1.9,0.0,No,75.3,6.5,Good,6.0,High School,Good,1.0,No,53.9
S1615,19.0,Female,1.5,2.2,2.3,No,89.1,7.9,Fair,0.0,Bachelor,Average,1.0,No,200.0
S1616,17.0,Male,2.6,2.2,0.0,No,83.3,7.0,Fair,1.0,Bachelor,Good,10.0,No,79.3
S1617,24.0,Female,3.4,2.2,0.4,No,91.4,5.6,Fair,5.0,High School,Poor,5.0,No,200.0
S1618,23.0,Male,2.9,2.4,0.0,No,84.4,6.2,Good,0.0,Bachelor,Average,1.0,Yes,61.4
S1619,19.0,Male,2.5,3.1,1.7,No,70.5,4.8,Good,1.0,High School,Good,4.0,No,200.0
S1620,20.0,Female,1.4,3.5,1.6,No,85.8,6.4,Fair,2.0,,Average,1.0,No,39.8
S1621,18.0,Female,3.4,1.7,1.4,No,95.5,7.8,Good,0.0,Master,Good,2.0,No,70.7
S1622,unknown,Female,1.2,1.1,0.7,No,84.7,7.3,Fair,0.0,Bachelor,Average,2.0,Yes,35.6
S1623,18.0,Female,4.6,1.2,0.5,No,92.8,8.2,Good,4.0,Master,Good,4.0,No,93.0
S1624,unknown,Female,3.6,1.9,2.3,No,74.5,6.1,Good,5.0,Bachelor,Average,8.0,Yes,200.0
S1625,18.0,Female,1.3,2.1,1.2,No,84.7,8.1,Poor,5.0,High School,Good,2.0,Yes,46.6
S1626,21.0,Male,3.0,1.6,2.1,No,78.8,6.3,Good,6.0,Bachelor,Good,9.0,Yes,70.8
S1627,22.0,Male,2.4,0.9,0.8,No,92.5,8.3,Fair,2.0,Bachelor,Average,9.0,No,78.3
S1628,23.0,Male,4.0,2.0,2.0,No,85.3,6.5,Fair,4.0,Master,Good,2.0,Yes,70.7
S1629,23.0,Male,5.5,2.7,3.2,Yes,91.9,7.3,Fair,6.0,High School,Good,1.0,No,82.6
S1630,17.0,Female,0.7,3.2,2.4,No,95.9,8.3,Good,1.0,Master,Average,10.0,Yes,50.3
S1631,20.0,Female,3.7,1.8,1.3,No,91.9,6.3,Fair,6.0,Master,Good,10.0,No,80.9
S1632,unknown,Male,3.3,2.0,2.1,No,87.7,6.8,Poor,1.0,Bachelor,Poor,9.0,Yes,75.4
S1633,17.0,Male,4.5,1.4,1.5,No,75.0,8.0,Good,2.0,Master,Good,2.0,Yes,83.7
S1634,18.0,Female,3.8,2.5,1.8,No,85.0,6.3,Poor,5.0,High School,Average,8.0,No,76.8
S1635,18.0,Male,2.4,1.5,1.4,No,79.7,4.9,Poor,1.0,Master,Poor,3.0,No,45.8
S1636,17.0,Female,3.0,3.2,1.6,No,81.6,9.1,Fair,2.0,Bachelor,Average,1.0,Yes,58.4
S1637,23.0,Female,2.3,0.4,2.0,No,81.3,5.9,Fair,6.0,,Good,1.0,Yes,70.3
S1638,18.0,Female,5.1,2.1,0.7,Yes,75.2,6.7,Fair,1.0,Master,Good,10.0,Yes,99.4
S1639,24.0,Female,3.5,2.9,0.7,No,65.4,7.9,Poor,3.0,High School,Good,2.0,No,62.9
S1640,22.0,Female,6.4,2.7,0.3,Yes,78.3,5.8,Good,0.0,High School,Average,7.0,No,98.0
S1641,22.0,Male,3.4,5.7,0.0,No,86.9,5.3,Good,6.0,Bachelor,Poor,6.0,No,74.7
S1642,24.0,Female,2.4,2.9,0.5,No,71.5,6.8,Fair,5.0,High School,Good,2.0,Yes,200.0
S1643,17.0,Female,1.2,1.3,2.0,No,85.2,4.3,Fair,6.0,High School,Good,4.0,No,49.4
S1644,24.0,Male,0.8,2.4,0.8,No,100.0,6.2,Fair,3.0,Bachelor,Average,2.0,Yes,35.3
S1645,21.0,Female,1.1,0.4,2.4,Yes,95.2,6.8,Good,2.0,,Average,1.0,Yes,46.3
S1646,21.0,Female,3.9,2.4,1.8,No,100.0,6.2,Poor,2.0,High School,Average,3.0,No,68.4
S1647,17.0,Female,4.3,1.5,0.0,No,88.9,4.6,Poor,6.0,,Average,4.0,No,84.2
S1648,24.0,Female,1.1,3.6,2.5,No,96.7,8.4,Good,3.0,High School,Good,10.0,Yes,54.6
S1649,unknown,Female,4.8,1.8,2.7,No,77.8,6.6,Fair,6.0,Bachelor,Average,5.0,No,88.0
S1650,23.0,Female,2.8,2.4,0.7,No,78.6,8.2,Fair,0.0,Bachelor,Good,5.0,No,61.5
S1651,unknown,Female,3.7,1.7,2.3,Yes,57.6,6.2,Good,0.0,Master,Average,7.0,No,75.7
S1652,unknown,Female,5.9,4.6,0.9,No,96.9,5.4,Good,4.0,Bachelor,Average,10.0,No,100.0
S1653,21.0,Female,4.8,2.1,1.9,No,100.0,6.8,Fair,1.0,High School,Good,8.0,No,82.6
S1654,22.0,Female,3.1,4.7,0.4,No,79.5,6.2,Good,4.0,Master,Good,9.0,No,71.5
S1655,21.0,Female,2.2,3.5,0.0,No,82.5,5.1,Poor,0.0,Bachelor,Average,7.0,No,57.6
S1656,23.0,Male,0.3,3.1,1.4,Yes,77.5,8.3,Good,3.0,Bachelor,Good,5.0,No,36.1
S1657,19.0,Female,2.4,2.9,1.7,No,88.8,5.8,Fair,1.0,Bachelor,Average,9.0,Yes,67.4
S1658,20.0,Female,3.2,3.0,1.4,Yes,96.2,4.3,Good,3.0,Master,Good,8.0,No,74.8
S1659,18.0,Male,varies,0.2,0.5,No,67.6,8.1,Good,4.0,Bachelor,Average,10.0,Yes,73.6
S1660,24.0,Female,3.3,2.2,1.4,No,89.1,5.9,Good,2.0,High School,Good,9.0,Yes,79.5
S1661,19.0,Male,3.6,3.5,2.1,No,82.2,5.8,Good,3.0,Bachelor,Poor,10.0,No,62.5
S1662,21.0,Male,3.2,2.4,1.8,No,86.1,4.4,Fair,4.0,,Average,8.0,Yes,76.3
S1663,22.0,Female,2.5,0.8,2.0,No,89.6,8.6,Fair,4.0,High School,Good,6.0,No,75.6
S1664,17.0,Male,3.8,2.4,1.1,No,83.1,5.0,Fair,4.0,High School,Good,4.0,No,64.4
S1665,21.0,Female,4.2,4.5,3.1,No,84.0,6.6,Good,2.0,High School,Average,9.0,No,75.3
S1666,22.0,Female,1.9,4.0,0.5,Yes,82.9,7.6,Good,2.0,,Average,9.0,Yes,50.4
S1667,20.0,Female,5.6,2.4,2.3,No,94.7,7.0,Fair,6.0,High School,Average,10.0,Yes,100.0
S1668,21.0,Male,3.4,3.6,3.1,No,89.2,6.4,Good,2.0,Bachelor,Good,10.0,No,76.4
S1669,23.0,Male,3.5,2.1,2.3,No,87.2,4.5,Good,1.0,Bachelor,Good,9.0,No,69.9
S1670,17.0,Female,4.6,0.5,1.6,No,72.3,5.5,Good,2.0,Master,Good,10.0,Yes,88.9
S1671,22.0,Other,3.8,1.4,1.2,No,81.2,6.7,Good,2.0,High School,Average,3.0,Yes,70.4
S1672,22.0,Female,4.9,4.4,2.9,No,94.0,5.6,Fair,2.0,Bachelor,Good,3.0,No,69.4
S1673,22.0,Male,varies,2.2,0.2,No,85.4,6.7,Poor,3.0,Master,Average,6.0,Yes,84.9
S1674,20.0,Female,2.6,2.2,0.7,No,91.6,7.3,Poor,2.0,High School,Poor,6.0,No,63.6
S1675,unknown,Female,4.0,2.1,1.4,No,100.0,7.7,Fair,1.0,Bachelor,Good,6.0,No,82.2
S1676,20.0,Female,1.8,4.8,3.2,No,95.4,5.0,Good,4.0,Bachelor,Good,5.0,No,37.4
S1677,24.0,Male,3.7,4.5,2.2,No,85.9,9.1,Good,3.0,,Good,5.0,No,73.8
,,,varies,,,,,,,,,,,,
S1679,18.0,Female,3.2,2.3,1.5,No,59.5,6.5,Good,2.0,Bachelor,Good,7.0,No,64.2
S1680,24.0,Other,3.3,2.9,1.1,No,83.3,7.8,Poor,6.0,,Good,4.0,No,70.4
S1681,21.0,Male,0.7,0.7,1.0,No,81.7,9.3,Poor,6.0,,Average,3.0,No,51.5
S1682,23.0,Female,2.7,4.3,2.9,No,88.9,4.8,Poor,4.0,,Average,8.0,No,53.4
S1683,20.0,Female,3.6,1.1,0.3,Yes,83.5,6.2,Fair,4.0,High School,Good,4.0,No,77.2
S1684,17.0,Male,3.7,2.8,3.6,No,81.8,3.6,Fair,3.0,Bachelor,Good,4.0,Yes,59.8
S1685,22.0,Female,2.0,1.2,2.7,No,67.2,6.7,Poor,6.0,Bachelor,Average,8.0,No,200.0
S1686,22.0,Female,5.4,1.8,3.0,Yes,75.6,6.9,Fair,0.0,High School,Average,1.0,No,69.9
S1687,21.0,Male,2.2,1.5,1.3,Yes,89.8,6.5,Poor,5.0,Master,Average,9.0,No,71.6
S1688,23.0,Male,5.0,1.8,1.6,No,100.0,5.7,Good,6.0,High School,Poor,7.0,No,92.9
S1689,18.0,Female,4.1,1.9,0.2,No,84.0,4.0,Fair,6.0,,Good,2.0,No,72.4
S1690,18.0,Male,2.5,1.8,1.2,Yes,88.3,6.9,Fair,1.0,High School,Average,6.0,No,70.5
S1691,22.0,Female,6.2,3.5,2.3,No,94.5,8.2,Fair,5.0,Bachelor,Good,8.0,No,100.0
S1692,21.0,Male,1.7,1.2,3.2,No,76.9,5.8,Good,4.0,High School,Average,5.0,Yes,37.4
S1693,20.0,Female,4.9,2.8,0.6,No,88.7,7.0,Fair,5.0,High School,Average,6.0,No,88.7
S1694,18.0,Male,5.0,4.0,1.4,No,77.6,4.6,Fair,6.0,High School,Poor,10.0,No,88.6
S1695,20.0,Female,2.5,1.9,1.6,No,93.6,7.0,Good,4.0,Bachelor,Good,8.0,No,68.5
S1696,23.0,Other,5.6,1.6,0.3,No,86.5,6.0,Fair,5.0,Master,Good,6.0,No,100.0
S1697,unknown,Other,varies,2.2,2.5,No,88.0,5.6,Good,4.0,High School,Good,9.0,No,66.9
S1698,18.0,Female,3.9,3.9,1.0,No,77.2,5.6,Fair,4.0,High School,Poor,9.0,No,200.0
S1699,19.0,Male,3.9,2.7,1.6,No,92.1,6.0,Fair,3.0,Bachelor,Average,9.0,No,77.8
S1700,18.0,Female,varies,1.9,1.3,No,100.0,7.0,Poor,0.0,Bachelor,Poor,6.0,Yes,67.7
S1701,24.0,Male,4.7,3.1,0.9,No,74.9,4.9,Good,4.0,High School,Average,9.0,Yes,96.4
S1702,17.0,Male,4.7,1.2,1.8,No,81.6,6.0,Fair,1.0,Master,Good,3.0,No,83.1
S1703,24.0,Male,0.9,3.3,1.6,Yes,87.3,6.5,Poor,6.0,Bachelor,Good,5.0,No,37.9
S1704,21.0,Female,varies,3.0,1.4,No,92.9,5.2,Fair,6.0,High School,Good,2.0,Yes,76.3
S1705,unknown,Female,1.0,2.1,1.0,No,79.4,8.7,Fair,1.0,Bachelor,Average,8.0,Yes,52.6
S1706,20.0,Female,5.0,1.5,2.2,No,56.7,5.5,Poor,2.0,Master,Average,4.0,No,83.6
S1707,24.0,Male,5.2,1.4,3.6,No,98.6,5.7,Good,4.0,Bachelor,Average,6.0,No,92.0
S1708,24.0,Male,1.9,3.1,2.0,No,92.6,5.3,Good,4.0,,Poor,6.0,No,53.2
S1709,24.0,Other,2.9,4.0,2.9,No,67.6,8.7,Poor,4.0,High School,Good,5.0,Yes,56.4
S1710,23.0,Male,1.8,1.7,0.3,No,78.9,7.2,Fair,5.0,High School,Good,1.0,No,58.1
S1711,18.0,Male,3.2,3.1,2.0,No,100.0,5.4,Good,4.0,High School,Average,7.0,No,70.9
S1712,17.0,Male,3.0,0.0,0.6,Yes,99.5,7.8,Fair,4.0,Bachelor,Average,10.0,No,98.7
S1713,20.0,Female,4.7,1.8,0.2,Yes,94.4,6.7,Fair,1.0,Bachelor,Good,8.0,No,83.3
S1714,24.0,Female,5.5,2.5,1.0,No,83.2,6.8,Fair,0.0,Bachelor,Good,1.0,Yes,80.6
S1715,24.0,Male,5.6,1.4,3.1,No,85.8,6.1,Good,0.0,Master,Good,10.0,No,91.3
S1716,19.0,Male,varies,1.4,2.8,No,83.7,5.6,Good,2.0,High School,Average,7.0,Yes,63.5
,,,,,,,,,,,,,,,
S1718,24.0,Female,1.0,2.9,0.1,No,76.2,5.8,Poor,4.0,Bachelor,Good,6.0,No,49.9
S1719,20.0,Male,2.3,2.3,1.6,Yes,76.9,8.7,Fair,0.0,High School,Good,9.0,No,68.9
S1720,18.0,Female,4.9,0.0,2.1,Yes,95.1,5.0,Good,3.0,Bachelor,Average,5.0,No,94.2
S1721,19.0,Male,5.9,0.0,2.0,Yes,84.6,8.3,Poor,3.0,High School,Good,8.0,No,100.0
S1722,20.0,Male,1.6,1.8,0.0,No,98.8,6.4,Good,3.0,Bachelor,Good,5.0,No,200.0
S1723,17.0,Female,2.6,3.0,0.8,No,78.3,6.9,Good,4.0,Bachelor,Average,2.0,No,53.2
S1724,17.0,Male,3.5,0.0,1.7,No,84.5,7.5,Poor,4.0,High School,Average,4.0,Yes,70.5
S1725,21.0,Female,3.9,1.9,2.4,No,75.8,5.7,Good,2.0,Bachelor,Average,2.0,No,64.0
S1726,19.0,Male,2.3,1.9,0.0,Yes,85.1,7.5,Fair,6.0,Bachelor,Poor,7.0,Yes,77.4
S1727,19.0,Male,4.1,4.2,1.6,No,70.2,3.3,Good,2.0,High School,Good,7.0,No,57.4
S1728,21.0,Other,2.8,2.0,2.0,No,80.1,5.6,Fair,2.0,,Average,3.0,Yes,59.9
S1729,20.0,Male,3.5,3.0,2.7,No,70.6,5.4,Fair,5.0,High School,Good,7.0,No,66.7
S1730,19.0,Female,4.3,2.7,2.6,Yes,91.9,5.0,Good,3.0,Bachelor,Good,1.0,No,58.4
S1731,17.0,Male,3.5,0.0,2.4,No,92.2,6.2,Good,4.0,Master,Poor,1.0,No,63.6
S1732,17.0,Male,2.8,3.4,0.9,No,67.7,7.0,Poor,3.0,Master,Average,9.0,No,62.6
S1733,24.0,Male,3.3,2.8,0.0,No,98.3,7.3,Fair,2.0,Bachelor,Good,6.0,No,70.6
S1734,18.0,Female,3.4,3.1,1.4,No,100.0,6.8,Poor,4.0,Bachelor,Good,5.0,No,75.2
S1735,19.0,Male,2.9,7.2,2.9,Yes,85.5,5.7,Fair,1.0,High School,Good,6.0,No,50.1
S1736,20.0,Female,3.1,0.0,3.3,No,78.6,6.9,Fair,0.0,Bachelor,Average,6.0,No,72.8
S1737,21.0,Male,5.9,4.6,2.6,Yes,100.0,6.6,Fair,0.0,High School,Average,1.0,Yes,72.7
S1738,21.0,Other,4.3,2.2,2.3,No,71.8,7.6,Fair,2.0,High School,Good,5.0,Yes,76.0
S1739,20.0,Male,3.1,2.8,2.2,No,85.2,7.4,Poor,6.0,Bachelor,Good,9.0,Yes,74.1
S1740,23.0,Female,4.5,2.4,1.2,Yes,86.8,6.5,Poor,3.0,,Average,4.0,Yes,79.0
S1741,22.0,Female,3.0,2.0,1.7,No,98.5,5.4,Poor,1.0,Bachelor,Good,3.0,No,51.3
S1742,18.0,Female,5.3,1.8,3.6,No,88.6,5.7,Fair,4.0,Bachelor,Average,1.0,Yes,71.0
S1743,21.0,Female,4.1,2.9,0.8,Yes,80.0,5.8,Good,6.0,High School,Good,2.0,Yes,76.4
S1744,19.0,Female,3.3,0.7,3.6,No,75.5,6.1,Poor,3.0,High School,Good,3.0,Yes,52.6
,,,,,,,,,,,,,,,200.0
S1746,19.0,Male,1.1,2.0,3.3,No,74.9,7.4,Good,3.0,Bachelor,Good,7.0,No,42.6
S1747,23.0,Male,1.8,1.1,0.3,No,85.5,6.4,Good,2.0,High School,Average,6.0,No,49.8
S1748,17.0,Female,1.7,2.0,2.4,No,79.4,6.5,Good,5.0,High School,Average,8.0,No,45.7
,,,,,,,,,,,,,,,
